dailyid,year,month,day,dayofweek,hour,minute,latitude,longitude,os,home_countryname,plmn,plmn_countryname,setting_currency,setting_language,setting_country,logtype_category,logtype_subcategory,accuracy,speed,estimated_speed_flag,course,estimated_course_flag,prefcode,citycode,mesh100mid,home_prefcode,home_citycode,workplace_prefcode,workplace_citycode,transportation_type
30d07726f5cd7ee92d9a3cc6aa2b76f355db027f17ff3ddaee7b0ced6c88a2ff8b0ab88e4412ec6466311f38069f7de8,2019,10,1,2,0,0,35.698456,139.756939,iOS,Japan,44020,Japan,,ja,,,,10,,,106.648,2,13,13101,5339463085,13,13224,13,13108,
84ed05067603f56136ce7c331df2b21d387ea513a523aa60cfc7e891089da37d2f65d917bffa34a83acc017b1ca89c24,2019,10,1,2,0,0,35.908248,139.771387,Android,Japan,44010,Japan,,ja,,,,14.854,,,68.498,2,11,11222,5339668197,11,11222,12,12106,
fbf59035e5b1461d4eb119fc3e10c018993c8b316645ddd94ef73626a70d909d8cd6d58858ba03518b7a3bda1cbd37b2,2019,10,1,2,0,0,35.776994,139.772396,Android,Japan,44020,Japan,,ja,,,,500,,,,,13,13121,5339563127,13,13121,13,13115,
724e51e56812de2197ab215e23d8cdb430f4a9b832f270320ab6fa8a5f5dbee9e858622377940ff5d7eedc54faf12ff6,2019,10,1,2,0,0,35.678605,139.548276,Android,Japan,44010,Japan,,ja,,,,15.236,,,310.446,2,13,13208,5339441348,13,13208,13,13102,
84449e4d0252180e60c75c74f7bedb908ee842cd66fb093313caac802c61646967bf9c5729c91540946b91eb9959f3ca,2019,10,1,2,0,0,35.652463,139.553644,Android,Japan,44020,Japan,,ja,,,,5.36,,,,,13,13208,5339348422,13,13208,13,13204,
771c7f0caca87ee657678554ce7c930e1f0a600bea02c1cfbd17d624f60e1e48f3e61f4c558eb2adcf149438b4cf5cd9,2019,10,1,2,0,0,35.645878,139.922704,Android,Japan,44010,Japan,,ja,,,,100,,,,,12,12227,5339377358,12,12227,13,13108,
83b65ee34139e94b7af02e5c7980709c3ef9e426f0cd6f0202e19666e23c5b29097b87c6881b446bc9694498c1f7a0e0,2019,10,1,2,0,0,35.777268,139.640845,Android,Japan,44020,Japan,,ja,,,,18.231,,,190.469,2,13,13119,5339553122,13,13119,13,13101,
68f3e31b92df9ab273077813ff9a51a84c0978daa4cec2f50bfc842140b0ab3b957bf51cb040c3ccce4258de2f8ec360,2019,10,1,2,0,0,35.726042,139.697627,Android,Japan,44051,Japan,,ja,,,,14.632,,,,,13,13116,5339457518,13,13116,13,13108,
cca29760f4a2952148f29c5f049a36a29c37c6ff3ed9bab3fb782ed82b5d578b5580e25eb49d74fc222a3fac729c4f45,2019,10,1,2,0,0,35.482845,139.561915,Android,Japan,44010,Japan,,ja,,,,165.095,,,,,14,14112,5339147499,14,14112,13,13108,
6ed9b37e2ff3653fe4ecc9745cb99142783349c2c21f897046749057cd91275efd7c1050dccaf421d2931daaacb5bb61,2019,10,1,2,0,0,35.658566,139.795908,Android,Japan,44010,Japan,,ja,,,,14.141,,,,,13,13108,5339369306,13,13108,13,13103,
4d54fef32c76c2c3957245d6024df48b80b71d8202d01d451c80b7b9e5f27f7fa9fa9504c0ad5c59563afb2c50b23755,2019,10,1,2,0,0,35.616282,139.727165,Android,Japan,44050,Japan,,ja,,,,30.283,,,59.743,2,13,13109,5339353891,13,13109,13,13102,
771c7f0caca87ee657678554ce7c930e1f0a600bea02c1cfbd17d624f60e1e48f3e61f4c558eb2adcf149438b4cf5cd9,2019,10,1,2,0,0,35.645968,139.922604,Android,Japan,44010,Japan,,ja,,,,100,,,,,12,12227,5339377358,12,12227,13,13108,
13c26994487e074c1c35417c0846cedf7aa2509a3b89a0fcec9b2764686bde066fcf5ad37346dbf3a27cd52a88563a5d,2019,10,1,2,0,0,35.696497,139.850361,Android,Japan,44020,Japan,,ja,,,,17.901,,,,,13,13123,5339463850,13,13123,33,33101,
12e17ef3a93a26d3445020e99165a8209f84c7df9132d6efc78add1029eb7ead037022764b1bb421ec1f3569bc55fc06,2019,10,1,2,0,0,35.655811,139.624967,Android,Japan,44010,Japan,,ja,,,,600,,,,,13,13112,5339348969,13,13112,13,13108,
a19a8c6c9d107a1badc7fc20eb0c3c9a83faa08a7c79d1cfec6d74cb069b1cb11ca7ea498c74b9a5baea0646ae164071,2019,10,1,2,0,0,35.734004,139.710346,Android,Japan,44010,Japan,,ja,,,,14.215,,,251.565,2,13,13116,5339458608,28,28110,28,28221,
9ad92b70af4ceb550fbf04850ada7a3f73cb4749cc7cad08077aea84addf7fce92e18cef9b311ec54e6243d5d0df30e4,2019,10,1,2,0,0,35.636682,139.781662,Android,Japan,44051,Japan,,ja,,,,600,,,,,13,13108,5339366245,13,13108,14,14136,
24d4c3e3d867101416a6945d36d54e973e5fd0433f86850c4a4189618b391cdda1f905cc9a5f0d9c80d30d9535dc0863,2019,10,1,2,0,0,35.726287,139.591873,iOS,Japan,44010,Japan,,ja,,,,65,,,,,13,13120,5339447713,13,13116,13,13108,
f31617186332bb32ebaedbe9b549e12bcf864c1ae0a53de529d5cd949864da90104a90d92497fbae4314de1d04c16c7e,2019,10,1,2,0,0,35.709416,139.842510,Android,Japan,44020,Japan,,ja,,,,16.193,,,,,13,13123,5339465714,13,13123,13,13108,
cc42cd4463ec96058aa5fa2caef995c4b7a3b3f4d6be8453e5cb9d0b593def3af6cddd9cb99d244a3f5094a97b0cf07a,2019,10,1,2,0,0,35.653215,139.769522,Android,Japan,44010,Japan,,ja,,,,14.875,,,333.434,2,13,13102,5339368135,13,13102,13,13108,
cdf5b3885fa225cb9b03f3f74b1cda66f6139c1963039bf3833902c60007632739b3adb57aa93c87dc8c2cb9304ba399,2019,10,1,2,0,0,35.648166,139.794390,Android,Japan,44020,Japan,,ja,,,,14.731,,,,,13,13108,5339367375,13,13108,13,13108,
aac8feac8415e532a6428c3d192baa9ee6c7cc965b5365f74fd09861a6f9ecc5fe52bb27648026641a73fc57ff33d913,2019,10,1,2,0,0,35.659129,139.343088,Android,Japan,44010,Japan,,ja,,,,13.889,,,213.69,2,13,13201,5339329704,13,13201,13,13110,
0817e435c49e95c534a9dcbc481ef87bc67ddd85eb9724b1ddf49784734ea404ba92756790f0b7ab306f6ac930d5dd16,2019,10,1,2,0,0,35.900383,140.055030,Android,Japan,44010,Japan,,ja,,,,21.411,0,2,,,08,08217,5340608404,08,08217,13,13102,
705a7f4559fe7f91195ff8e1dd8fffe791f2dbfe369b1e12a45b01e3033cc3974231cee27f6df78a1a090d75efdb2581,2019,10,1,2,0,0,35.680925,139.719522,Android,Japan,44010,Japan,,ja,,,,22.379,,,124.114,2,13,13104,5339451775,13,13121,13,13121,
8f4371a2f0297f44bc2706b09b2092c0a81ed0f0b92e0191ddd043e06799b78f9139edef56d8cda30d8c612fc92d9fa4,2019,10,1,2,0,0,35.663829,139.899617,Android,Japan,44010,Japan,,ja,,,,17.556,0.061,2,,,12,12227,5339379169,12,12227,11,11107,
ad98e3bca232dcc96877e37a362a0e4ae7bda44742737496d79342b13e118518733daf5df991c88b9311d67623146ab9,2019,10,1,2,0,0,35.662785,139.869747,Android,Japan,44010,Japan,,ja,,,,13.538,,,,,13,13123,5339369955,13,13123,13,13108,
8f4371a2f0297f44bc2706b09b2092c0a81ed0f0b92e0191ddd043e06799b78f9139edef56d8cda30d8c612fc92d9fa4,2019,10,1,2,0,0,35.663829,139.899617,Android,Japan,44010,Japan,,ja,,,,13.557,0,2,310.03,2,12,12227,5339379169,12,12227,11,11107,
adb869eae7beda5610ed24d5efb308cbbd01ccc0717b174a3482725b524aa67ba2673f5202915c2bea6dc6aaf8af46c7,2019,10,1,2,0,0,35.708493,139.627347,Android,Japan,44010,Japan,,ja,,,,23.38,,,243.434,2,13,13115,5339455001,13,13115,13,13101,
61f6acf508dbbf4daf8c762daca4b09bfb9b594ff2f44d6732341905a9f15c1a09468e38d0ec166baa596f8ea2a59606,2019,10,1,2,0,0,35.649278,139.804647,Android,Japan,44010,Japan,,ja,,,,16,,,,,13,13108,5339367493,13,13108,13,13101,
8b8b5338718b200634234d070fd89830cc92d3512d06bec5c25672c4a07422b81bae117a9a8be0f00303bc2357dd4e5c,2019,10,1,2,0,0,35.656258,139.808271,Android,Japan,44010,Japan,,ja,,,,15.12,,,245.556,2,13,13108,5339368476,13,13108,13,13103,
139f3da3d42b0803db661ce1807c80493fdb76e144950024645dc5a7fffe6cae22de12771ea1b931d44bce1c033b5665,2019,10,1,2,0,0,35.704529,139.904161,Android,Japan,44020,Japan,,ja,,,,22.33,,,224.999,2,13,13123,5339474253,13,13123,13,13108,
84bdbabe4c6f8d624e44181e4c010a059080505cf431a9cefb87a14b986c59257616b6519f7e54ee319d59d57dab6e8e,2019,10,1,2,0,0,35.742897,139.643150,Android,Japan,44051,Japan,,ja,,,,14.108,,,299.744,2,13,13120,5339459114,13,13120,13,13103,
beb16707b4c4e734a8091f181ba24b06ab1ab14362b35fd4013c1079b432044d3a9b87f5a757539fd2e409303c0a77f4,2019,10,1,2,0,0,35.621120,140.103837,Android,Japan,44020,Japan,,ja,,,,14.612,,,221.054,2,12,12101,5340304853,12,12103,13,13108,
ae35711d4633ac22bbe4d73b50d7d17295dc4a484286bfefb86c2434b5791a7726b981e58e7720d52ace7fb1df89c0d1,2019,10,1,2,0,0,36.323306,139.013083,Android,Japan,44020,Japan,,ja,,,,64.099,,,38.105,2,10,10202,5439308170,10,10202,13,13102,
ed1a55b9badbae37d84de32220d8c58ad96d2eabae41665754ca3892955698c46f6e378de32cd3032d1ee76499a7e3f0,2019,10,1,2,0,0,35.853785,139.982556,Android,Japan,44020,Japan,,ja,,,,7.82,,,,,12,12217,5339672846,12,12217,13,13108,
11d5c54c67a2e48293aeefc26fcea278ed021e6083798334df83dae40c47064e95d76719b633357879373f5aea1088e2,2019,10,1,2,0,0,36.078929,140.114750,Android,Japan,44010,Japan,,ja,,,,61.035,,,137.175,2,08,08220,5440009941,08,08220,12,12216,
78775cfefaf1db7dfdde0cdb19f5084d701e534249d97e9ddc0584f440f4cda7bc8e8283aa047d428398616ad132d685,2019,10,1,2,0,0,35.524932,139.459788,Android,Japan,44010,Japan,,ja,,,,899.999,,,,,13,13209,5339232697,14,14153,13,13108,
1addea33c43e45e63c120f44803d8ecb2f14731b538f3788ce3a208b65bdfa453fdf6e7378b6af5100341a7c9af95f18,2019,10,1,2,0,0,35.718394,140.142218,Android,Japan,44050,Japan,,ja,,,,14.928,,,75.963,2,12,12212,5340416123,12,12212,13,13108,
6c40fa00a5327a501446caadd52d41e8a2f3de19e9f249035bf267bd42b72a35b6cebaa3d59decd1834d2dd931fddce2,2019,10,1,2,0,0,35.801582,139.761358,Android,Japan,44020,Japan,,ja,,,,14.375,,,233.13,2,13,13121,5339566019,13,13121,13,13108,
ba1e78eca4e7213849b3a55ad83244941849c24e2f79d1b95260e4c3aa31890d3747b2bc36a1719eada63ab8e9ac31a6,2019,10,1,2,0,0,35.743855,139.540059,Android,Japan,44010,Japan,,ja,,,,9.946,,,,,13,13229,5339449322,13,13229,13,13108,
9e56f9a374339739e0b5b002b7c35ec4ddb3ff2c39f57cf917a27c2e86e80a29975f0256a8b63d08836218f5a4dffe46,2019,10,1,2,0,0,35.699559,139.986489,Android,Japan,44010,Japan,,ja,,,,14.449,,,137.943,2,12,12204,5339473899,13,13108,13,13108,
139f3da3d42b0803db661ce1807c80493fdb76e144950024645dc5a7fffe6cae22de12771ea1b931d44bce1c033b5665,2019,10,1,2,0,0,35.704516,139.904148,Android,Japan,44020,Japan,,ja,,,,20.784,0.06,2,323.972,2,13,13123,5339474253,13,13123,13,13108,
070c08556ab5d8453b285d13b9f56c94bdd6de4d520c3c23c48909fff7bdcaa7008db4dbf3f9e80360bd8d1ee779c7eb,2019,10,1,2,0,0,35.651816,139.665360,Android,Japan,44010,Japan,,ja,,,,14.734,,,,,13,13112,5339358322,13,13112,13,13108,
45eddc2a282a05239a3e9be4b7e54d3d06c2a49933407789f129e63f87628b809dfdec07a643869c7b526df71605500a,2019,10,1,2,0,0,35.898411,139.736659,Android,Japan,44010,Japan,,ja,,,,14.513,0.013,2,173.884,2,11,11110,5339657889,11,11110,13,13116,
52445ce2d6d251a99cc8c1d7d176375d688361540937179d10f22ece0195fe8b4fd3911070f01aa148ace40028f68b67,2019,10,1,2,0,0,35.729578,139.591430,Android,Japan,44010,Japan,,ja,,,,14.73,,,129.289,2,13,13120,5339447753,13,13120,13,13105,
048d177ce63003ddf62771355b2caa54821fabd17351699a223870eb8955e27fba5934b30ac6dc7774a814319ba1ec93,2019,10,1,2,0,0,35.680335,139.826100,Android,Japan,44010,Japan,,ja,,,,14.486,,,,,13,13108,5339461660,13,13108,13,13103,
73f4701c2bae545ab790d56afb1de5ca6c1648bf99437db2275a0bb46bc55f0b5cae811c7c0ff324e1142f8ca1838b65,2019,10,1,2,0,0,35.662993,139.897613,Android,Japan,44010,Japan,,ja,,,,18.224,,,,,12,12227,5339379158,12,12227,13,13108,
aacd94f3b200e294ba11c55746faa509397193dbecd7d3a8572b3b1239be913080acabe99029ff49f7d1c7c8f01fcffd,2019,10,1,2,0,0,35.729369,139.596233,Android,Japan,44051,Japan,,ja,,,,15.157,,,,,13,13120,5339447756,13,13120,13,13102,
fcfd1037332e83b321ad3e893994bcc6cc8e3b1ba654416f545eda83a1ca2bdb5943860c8c1a9fd4ce92e7a53eb62aa1,2019,10,1,2,0,0,35.667518,139.614858,Android,Japan,44010,Japan,,ja,,,,17.152,,,288.152,2,13,13112,5339440911,12,12204,13,13103,
bb76dbec87e5d10d662da1cc9a3acf73cb99871f74d12604876ffd41e9dda3df11504f6859e5106dec8dd219e7594fb7,2019,10,1,2,0,0,35.719113,139.646562,Android,Japan,44010,Japan,,ja,,,,14.05,,,5.71,2,13,13114,5339456127,13,13114,13,13108,
8f4371a2f0297f44bc2706b09b2092c0a81ed0f0b92e0191ddd043e06799b78f9139edef56d8cda30d8c612fc92d9fa4,2019,10,1,2,0,0,35.663871,139.899567,Android,Japan,44010,Japan,,ja,,,,20,0.721,2,135,2,12,12227,5339379169,12,12227,11,11107,
70624af2b99024e33d6f70d647ac5feec2d3920b58c2a335a62103da9f3afc83bdb90b7ae96690d765fc8257aa213c47,2019,10,1,2,0,0,35.791310,139.612578,Android,Japan,44010,Japan,,ja,,,,14.007,,,63.434,2,11,11229,5339544990,11,11229,13,13114,
2c96ae1d0d34925e4c11c3b556e41ca7552219c95db7cbfbf9d38cca6b021a931864c9a6f9f9192271003115f3e4b660,2019,10,1,2,0,0,35.668363,139.760585,Android,Japan,44010,Japan,,ja,,,,13.792,,,284.036,2,13,13102,5339460028,13,13108,13,13102,
bb314a98d77c16374f2b1d35323afcfbdfc530da0bc17ca4f7d7a3986ae1e08f56fc0c17086b3b1a78f9927d5036b591,2019,10,1,2,0,0,35.758763,139.647333,Android,Japan,44010,Japan,,ja,,,,19,,,,,13,13120,5339551107,13,13120,13,13108,
c3ac60160a449b9af4c654b3a44ef96dc9b92dd262fdea43ee26621938d167d78acbe304a08b36bbed0979ecf1d728c9,2019,10,1,2,0,0,35.449772,139.639173,Android,Japan,44010,Japan,,ja,,,,14.409,,,288.434,2,14,14104,5339153191,14,14104,13,13102,
34ed267459fcad046dfd716ffc50bdb7de3ac95bc994ab1998c28c7d7417b828ec62639819b9a87e40d9013342188789,2019,10,1,2,0,0,35.539924,139.628117,Android,Japan,44010,Japan,,ja,,,,16.142,,,,,14,14109,5339254072,14,14109,13,13101,
5443ec8437e7dbabed7be3ecadb0257da6918ef5206759b1c60ac12be4485f0222f4d617fd66bc959c079eb675078d90,2019,10,1,2,0,0,35.673584,139.739234,iOS,Japan,44051,Japan,,ja,,,,65,,,,,13,13101,5339450981,13,13120,13,13119,
959bf5f8dd1844a629fedc4c6bef8e290b4d0a2388cd4d8d8ee40face3216edb5219d4a341c0f895c33db7a833bb82f4,2019,10,1,2,0,0,35.646449,139.763497,Android,Japan,44051,Japan,,ja,,,,31.4,,,,,13,13103,5339367150,14,14116,13,13103,
9b02e21c0d34476b47b3dbf47d15eb85132eed749366f221dca67a52077c875ef2c82c4d225775adae65b758d6cb532c,2019,10,1,2,0,0,35.652346,139.810037,Android,Japan,44010,Japan,,ja,,,,13.43,,,,,13,13108,5339368428,13,13108,13,13104,
8f4371a2f0297f44bc2706b09b2092c0a81ed0f0b92e0191ddd043e06799b78f9139edef56d8cda30d8c612fc92d9fa4,2019,10,1,2,0,0,35.663834,139.899608,Android,Japan,44010,Japan,,ja,,,,13.444,,,119.054,2,12,12227,5339379169,12,12227,11,11107,
69310e61f263cca235f8f870e3a0a998288c007f3af790e6924c028745c9debe852f1b2333d333603d709850d0ed268c,2019,10,1,2,0,0,35.678715,139.992390,Android,Japan,44010,Japan,,ja,,,,15.57,,,,,12,12204,5339471943,12,12204,13,13103,
873677bdb56b90fd913b2de498a8dbf60108d798a06d5bb75bf8c2150d3a886e1b4aaeb467b403ae26f63d8a3c2f1c6c,2019,10,1,2,0,0,35.653199,140.057818,Android,Japan,44010,Japan,,ja,,,,15.282,,,97.65,2,12,12102,5340308436,12,12102,13,13102,
f233b44e429803991dc68cb9831626362fb617635932b62ff7e3713d03850ce15c1d4d4be48760ea23d5c6929597f166,2019,10,1,2,0,0,35.656819,139.775660,Android,Japan,44010,Japan,,ja,,,,14.818,,,99.865,2,13,13102,5339368280,13,13102,13,13102,
8f252553bbd798666bc198c649943bdae2d75cfac3e51db78c6a3cd4699a1e5502adfe20e76bb5831ebade32e45691f3,2019,10,1,2,0,0,35.813107,139.781145,Android,Japan,44051,Japan,,ja,,,,14.214,,,,,11,11221,5339567254,11,11221,13,13121,
803501b4ee27858960dafe20b8f900c43643fb3dfa73175f10362779886815563f7a8cb0810e5badb366239a87c4fd29,2019,10,1,2,0,0,35.361775,139.530325,Android,Japan,44010,Japan,,ja,,,,30.272,,,,,14,14115,5339043244,14,14115,13,13108,
f31cc436cda7894e0a7d5a715d20aa0da493a8b215436813c9ba3fa24073cca73c4d84fcf3bb7147517a6dd13265778f,2019,10,1,2,0,0,35.644955,139.876489,Android,Japan,44051,Japan,,ja,,,,18.576,,,142.849,2,13,13123,5339377031,13,13123,13,13108,
3f7b64097800c412afe271a20e41e25c9d45e3dbf890719c87adf9e967f6e17ba27306b4bd8748c839050d659766f3c1,2019,10,1,2,0,0,35.639030,140.041088,Android,Japan,44010,Japan,,ja,,,,16,,,0,2,12,12106,5340306362,12,12106,13,13102,
9187f830ea481b90d4f0267185a4dd8d484cfa5a19a1dc9c85364d11b6d309406300ee40c819c2202d91fb6af6262a16,2019,10,1,2,0,0,35.701551,139.455394,Android,Japan,44020,Japan,,ja,,,,14.871,,,0,2,13,13214,5339434614,13,13214,13,13108,
138eea0334a2b0981546e55d319180d535891ba6c7129e0eb99819aa6d5ef855c57a0323795ba5b23d947939a55382cd,2019,10,1,2,0,0,35.778961,139.935367,iOS,Japan,44050,Japan,,ja,,,,5,,,91.488,2,12,12207,5339573448,12,12224,13,13106,
d5fe0190b9a916a32a261a6caf014c4689fce535a2f2ab4ecefa69ba9f71161ef619baef2610f59b3a9065c5727679f7,2019,10,1,2,0,0,35.659737,139.781564,iOS,Japan,44010,Japan,,ja,,,,100,,,,,13,13102,5339369215,13,13102,40,40133,
052a347c6f5aad5f5329d23058ff33730e2fd48c69f90424e98e213b25894939d44ce413fef5f79dd216133a16fa5510,2019,10,1,2,0,0,35.731043,139.752401,Android,Japan,44051,Japan,,ja,,,,6.432,,,180,2,13,13105,5339467071,13,13105,13,13108,
bfac1effabc6ec6f2a69802648159baf562fba610a1bd5397c4bdc05df5386f3e9c0d45e5883303b07f82940aa6bad7e,2019,10,1,2,0,0,35.666763,139.808773,Android,Japan,44010,Japan,,ja,,,,17.632,,,33.023,2,13,13108,5339460407,13,13108,13,13108,
e00d61f874602d9232bcf05be77fe31403748f93cfe6d23f0f445c546e4cd9475ede57052d0e4d5f9fc45dc3d8e4451b,2019,10,1,2,0,0,35.828285,139.570921,Android,Japan,44010,Japan,,ja,,,,14.142,,,,,11,11228,5339549536,11,11228,13,13103,
a2dcba2c6a46e3b348686fb5e1ba1e996be10725438cea40816ff684f1db9cc4b333e8ae05173f09af7f03ca7c2641eb,2019,10,1,2,0,0,35.718610,139.824836,Android,Japan,44020,Japan,,ja,,,,17.562,,,312.51,2,13,13107,5339466529,13,13107,13,13121,
87390b445865d0c4617427679fcee74b2c7107d45741ebcdeef816ceb60c87bd1fd3bbd7f061c0db2aaac387acdf4c2e,2019,10,1,2,0,0,35.654641,139.776124,Android,Japan,44010,Japan,,ja,,,,28.34,,,,,13,13102,5339368250,13,13102,13,13101,
2323b00820e02d6c272a5a0728bf09d1a0a7aac5b5678ed4f5e7811aeb7ed750457721f9fc49eef149ef7449c361f5e9,2019,10,1,2,0,0,35.777589,139.686718,Android,Japan,44010,Japan,,ja,,,,5,0.278,2,240.785,2,13,13119,5339553439,13,13119,13,13108,
4a17cc581a8460e8971047c68463941a63219a57b98e5395e5940b1e6373c4de8e3282a86bf13d1aa663e1d7d38d956f,2019,10,1,2,0,0,35.661195,139.792829,Android,Japan,44051,Japan,,ja,,,,39.335,,,,,13,13108,5339369334,13,13108,13,13102,
e6fb98e83a7ad6d95d03ebd36548d27777bceeac35b3b348b7eb06b10770d3f80817fa9c8dc2c85a28f059ae7599dc0f,2019,10,1,2,0,0,35.653081,139.888331,Android,Japan,44010,Japan,,ja,,,,18.563,,,29.623,2,12,12227,5339378130,13,13203,13,13108,
1eb66973e14c74b2bac572ef4b8cd0fd7449528cbecb5a0086c01edeb5cfa456e3011ecd5c3be38a7e6e60637a6746d1,2019,10,1,2,0,0,35.681230,139.785094,Android,Japan,44051,Japan,,ja,,,,14.508,,,,,13,13102,5339461278,13,13102,13,13108,
621b4cb07c8f0763dd523798e1eb2eb8c3a85935fb019d0fba87ef819025f6069cd8258c6e2346056d09812b12d68644,2019,10,1,2,0,0,35.762638,139.606428,Android,Japan,44010,Japan,,ja,,,,18.784,,,350.909,2,13,13120,5339541855,13,13120,13,13108,
b21088b29a559d77354c3b137795b3631adc1327c7eb58e2d77d5b88b39c00ddd2779f02697abc07db73a82b24821f12,2019,10,1,2,0,0,35.694153,139.758599,iOS,Japan,44010,Japan,,ja,,,,65,1.442,2,196.73,2,13,13101,5339463026,13,13108,13,13101,
e269aea88a34e776ff8a2a8d2b39f0da07899e789ac5142b15c3b09a00d24ea203690fa7cf2b9cbb1b0988f4666df327,2019,10,1,2,0,0,35.647088,139.792870,Android,Japan,44010,Japan,,ja,,,,14.007,,,204.304,2,13,13108,5339367364,13,13108,13,13103,
e00d61f874602d9232bcf05be77fe31403748f93cfe6d23f0f445c546e4cd9475ede57052d0e4d5f9fc45dc3d8e4451b,2019,10,1,2,0,0,35.828285,139.570921,Android,Japan,44010,Japan,,ja,,,,14.142,0,2,,,11,11228,5339549536,11,11228,13,13103,
1e72c511228189b1f52864acd4947605a70c630c3266db238db7ac6be50ebc6fb80dbda2f120467ec25852ac2f6986a7,2019,10,1,2,0,0,35.653727,139.800981,Android,Japan,44020,Japan,,ja,,,,10012.39,,,,,13,13108,5339368440,13,13108,13,13102,
cd12aed835c0fd41b1a946b4af78fcec715a95a00bb0c94b9748dba4acd4c5f1270d249921c501ae6b0c099608e4f0aa,2019,10,1,2,0,0,35.843711,139.740735,Android,Japan,44010,Japan,,ja,,,,77.6,,,,,11,11203,5339651922,11,11203,13,13108,
aacd94f3b200e294ba11c55746faa509397193dbecd7d3a8572b3b1239be913080acabe99029ff49f7d1c7c8f01fcffd,2019,10,1,2,0,0,35.729369,139.596233,Android,Japan,44051,Japan,,ja,,,,15.157,0,2,,,13,13120,5339447756,13,13120,13,13102,
2666f47fcd79aad5611fef3a5fb14da9cee64ac2d73311b50effb0ea02017acf7d845c992e7ab7c236c1e02e9878765a,2019,10,1,2,0,0,35.704948,139.786326,Android,Japan,44010,Japan,,ja,,,,14.265,,,180,2,13,13106,5339464259,13,13106,14,14131,
6e4bb309cd1c2db0a549385ec663695f2f07056f29f40293e50ebc28574a9efcb268d8857ee6f8cc50540bd0ffaf0f10,2019,10,1,2,0,0,35.739472,139.675581,Android,Japan,44010,Japan,,ja,,,,14.315,,,214.128,2,13,13120,5339458470,13,13120,13,13108,
eb1c03719e27ed02bb513249479235f7b26fc69038d614559af4a3aae39baeffec931bbf2b2f80cacf91e9123aaa5dbf,2019,10,1,2,0,0,35.612984,139.730934,Android,Japan,44010,Japan,,ja,,,,15.045,1.219,2,30.316,2,13,13109,5339353854,13,13109,13,13201,
a43ec8b614e58691be5c4ccd6e9b0f59eb4f8e07375766c80e9b0f6eae327bfaaf5c8aeb0c900f4e2653c2d82cab699a,2019,10,1,2,0,0,35.767830,139.728022,Android,Japan,44020,Japan,,ja,,,,13.613,,,139.537,2,13,13117,5339552812,13,13117,13,13108,
379b0807b0db4ab205fbd3284b6a4f015a4d533c673e911f85e134d6a49c78457f092016a3ea26e77b8a8799f23a4355,2019,10,1,2,0,0,35.637449,139.752577,iOS,Japan,44010,Japan,JPY,ja,JP,background,departure,30,2.609,1,30.585,1,13,13103,5339366042,13,13107,13,13108,
ae9b86547a53bf512287ed1d6e5ccc5713ab5ffdf3006d77d75826953253cbcd5aea7cc52652bd9e0686bdc673ab69cf,2019,10,1,2,0,0,35.654820,139.800381,Android,Japan,44010,Japan,,ja,,,,22.083,,,,,13,13108,5339368450,13,13108,13,13103,
ea96a8e5dbd7aa43e0c1e947ff590ed6cc643b10ad83f9e3e5585338f25d02c42915fbfd3e34f58c32d86aa1cad87f84,2019,10,1,2,0,0,35.748642,139.548066,Android,Japan,44051,Japan,,ja,,,,14.06,,,146.309,2,13,13229,5339449388,13,13229,13,13108,
a600e7bef8b29bf49e10385169eb68527f1ceab43786a371a2ad826c9c72acc15e853829a06ed52b0419ab468306798e,2019,10,1,2,0,0,35.775133,139.688710,Android,Japan,44020,Japan,,ja,,,,16.9,,,71.565,2,13,13119,5339553500,13,13119,13,13108,
7cb12da9df711443e6a4831bd6e7b57bfbb5f84cc6449e0aebe7665b3c46e61575c6012ed88cf936d599a780f091fc8a,2019,10,1,2,0,0,35.660397,139.571836,Android,Japan,44020,Japan,,ja,,,,14.197,,,,,13,13208,5339349527,13,13208,13,13108,
05cb75ec0360097483f2b6536a0403bbf52ccb050fe425d347ac5745d98283c96179a813183728f1bc62d275a530db40,2019,10,1,2,0,0,35.697957,139.777863,iOS,Japan,44020,Japan,,,,background,move,1414,,,,,13,13101,5339463272,13,13121,13,13108,
5f66ed3c2388dddc569f165f9f1b77c824e579cd2933764b0ac60070802e8eae965b982e0b6e648db88d09b7f7162640,2019,10,1,2,0,0,35.647269,139.792915,Android,Japan,44010,Japan,,ja,,,,14.704,,,165.256,2,13,13108,5339367364,13,13108,13,13109,
57db6cc23cfdec6fe8b2aff6ed18a321d88b6ce397f49342afe7e5975a4a8ce233382a2377a5e323c274f6fcf5f40edc,2019,10,1,2,0,0,35.478392,139.631597,Android,Japan,44010,Japan,,ja,,,,31.838,,,,,14,14102,5339157045,14,14102,13,13103,
55a32845cb88ffac2e6594951b9dbe46a3c739aec72dcfbccc58734ca3a9dd3768f69e8ae061c0f84f6cb08208140eb8,2019,10,1,2,0,0,35.666871,139.869638,Android,Japan,44010,Japan,,ja,,,,13.744,,,296.565,2,13,13123,5339460905,13,13123,13,13108,
6283a6ca80599d1cb1b86eb2050935ada749801a9107e4cbaedf7b34981c2fcf5a45aa9be513b42e5b63518fe8261507,2019,10,1,2,0,0,35.726569,139.533485,Android,Japan,44010,Japan,,ja,,,,20,,,325.097,2,13,13229,5339447216,13,13229,13,13101,
129bdd26f87116cc9ba98ff19d80058487acab579bc7ffa1294c8905b9f6a8eeddc503a6124617432b32cee9e765904b,2019,10,1,2,0,0,35.554911,139.538909,Android,Japan,44020,Japan,,ja,,,,14.377,,,306.869,2,14,14117,5339246351,14,14117,13,13108,
f7d7b120e82a8208b455b2500ac6aaa359b66a8e32cda7d446ae4eb793a3c3506c99abde9f97238cbac669be71418f64,2019,10,1,2,0,0,35.589413,139.736062,Android,Japan,44020,Japan,,ja,,,,16.46,,,196.723,2,13,13109,5339350878,14,14101,13,13109,
322c4059f2c37ba2d73dd9e1a8829357b86b7431ffd65799f96ba1435687fab2c56a7e32e8638016b51b4dd2408a92c9,2019,10,1,2,0,0,35.687246,139.929282,Android,Japan,44010,Japan,,ja,,,,14.651,,,,,12,12203,5339472443,12,12203,13,13104,
873677bdb56b90fd913b2de498a8dbf60108d798a06d5bb75bf8c2150d3a886e1b4aaeb467b403ae26f63d8a3c2f1c6c,2019,10,1,2,0,0,35.653181,140.057952,Android,Japan,44010,Japan,,ja,,,,18.708,2.459,2,,,12,12102,5340308436,12,12102,13,13102,
58af8af0746a3f6fdf713a0d89da18f766b953ba89b9f0b1fb17e76e3149dbfe55c4b1e46e1e79ea81dbdcf8cdad9e4b,2019,10,1,2,0,0,35.921871,139.473508,Android,Japan,44010,Japan,,ja,,,,10011.354,,,,,11,11201,5339730768,11,11201,13,13108,
789cc82083ebaf29559ccdda67b8718a71b2b7591ec06f0d10aa059b13e6d19a7f0e133258f51ba99c8f18e2511484b1,2019,10,1,2,0,0,35.749492,139.582250,Android,Japan,44010,Japan,,ja,,,,49.004,,,,,13,13120,5339449695,13,13120,13,13102,
7c6d1a4671a0996e94c9dcfec3ce979d220572f76ceed984ffe99c07a9a525d3fa33a035d8abe9a7c6546e1c1eb50674,2019,10,1,2,0,0,35.619594,139.553619,Android,Japan,44010,Japan,,ja,,,,699.999,,,,,14,14135,5339344432,14,14135,13,13108,
927636ac19ef34aea2c58f7b379e7a6537fd15efce8cccf364173fd1a9d196d84931f11e8687d9ad5aa1453d8ec6003e,2019,10,1,2,0,0,35.612720,139.569696,Android,Japan,44051,Japan,,ja,,,,16.079,,,180,2,14,14135,5339343555,14,14135,13,13102,
56a1607239e75fbf55e6de702460041064a56e5a3dcc5e8b9642aa7bfb06903046e1f929dc9bbd17dcde90626408e68f,2019,10,1,2,0,0,35.656087,139.802697,Android,Japan,44010,Japan,,ja,,,,23.3,,,,,13,13108,5339368472,13,13108,13,13101,
bab2514ba0009389dccfbb8071d500d5041dfe5e9ded02b0d1cd9a64de42f09983c9a10669c02430efe922b43391ddf2,2019,10,1,2,0,0,35.752261,139.798055,Android,Japan,44020,Japan,,ja,,,,19.681,,,90,2,13,13121,5339560328,13,13121,13,13108,
c24baa0e181bc819de8bc10dd680a29b2d1fa364b87cca182099840993f49021911aeea59b2fed5a56b8793e7eabc6e1,2019,10,1,2,0,0,35.670072,139.731512,Android,Japan,44020,Japan,,ja,,,,18.313,,,329.036,2,13,13103,5339450845,13,13103,13,13108,
53e63b96c7501060976d676c5995e92f4ffebddf6690ccb2b187c5204067536f7b817ca08e8f1c66e0a66d9c36db865e,2019,10,1,2,0,0,35.687546,140.067721,Android,Japan,44051,Japan,,ja,,,,14.446,,,,,12,12216,5340402554,12,12216,13,13101,
9e963c31034e2847a3e5ee8d01072c0a21a6cb894a58dc41f5ae45544621ea21d1c23446c5db568ce68f74b3fdc65551,2019,10,1,2,0,0,35.654635,139.799031,Android,Japan,44010,Japan,,ja,,,,16,,,,,13,13108,5339368359,13,13108,13,13101,
ee6253e9d3b6f6a31073456cc8f0a8e210eb73cc8b7ae8c5439c1f9808d0723fbdb575967b23027a671fa94569d5ecdd,2019,10,1,2,0,0,35.656261,139.799545,Android,Japan,44010,Japan,,ja,,,,14.207,,,153.434,2,13,13108,5339368379,13,13108,13,13103,
7a515fe69a52535984c358577f1bd09f280dc03eccca933946746a8d29f9ce653d04eb3c77a468b5ca15188e9a3cdca7,2019,10,1,2,0,0,35.514709,139.677992,iOS,Japan,44050,Japan,,ja,,,,10,23.727,2,198.728,2,14,14101,5339251472,14,14301,13,13108,
d430221fe410b555d18bb55cf7cdc79f8c0cfac790a9738840225dd50b5f6b6fad490608e8523c92589267d5dcab8455,2019,10,1,2,0,0,35.750525,139.667837,Android,Japan,44010,Japan,,ja,,,,17.335,,,139.635,2,13,13120,5339550304,13,13120,13,13103,
2c92efed8c7554061541cd43a4bbbc3141f9f93198c9cf1727728a64552b76866d9d305c7d1798bd10997a3cea85434f,2019,10,1,2,0,0,35.653041,139.816038,Android,Japan,44010,Japan,,ja,,,,14.785,,,,,13,13108,5339368532,13,13108,13,13107,
3a2a4397f03a6055e020fc897691130847a830dcdde62a565456e33d3056162629b49785fcb17ba33926ff2efdb70804,2019,10,1,2,0,0,36.063218,139.598359,Android,Japan,44051,Japan,,ja,,,,14.383,,,150.802,2,11,11232,5439047758,11,11232,13,13109,
35f0ecdf985afed9bd36c9a54515b3513f34f7f1df4a400bf443c5bfb00d3385b7d43c31ff51f0c0dbb15a9f62f55333,2019,10,1,2,0,0,35.720047,139.859449,Android,Japan,44010,Japan,,ja,,,,13.834,,,,,13,13122,5339466847,13,13122,13,13108,
2158e16b60836e800ace280c6f4d9b193b082762482a2d99e38f183a909b0da16050a34f5fbb1008c1d6b3901979184d,2019,10,1,2,0,0,35.666826,139.784235,Android,Japan,44020,Japan,,ja,,,,15.008,,,0,2,13,13102,5339460207,13,13102,13,13112,
0736c856054b7735e7b4a20469b69c7bad6a4faec8f9151345c1ce9c0450d532c4ca13ab0f8051675eae1403c4d922cf,2019,10,1,2,0,0,37.395520,140.389374,Android,Japan,44010,Japan,,ja,,,,1899.999,,,,,07,07203,5640037141,07,07208,07,07202,
d89bd05fb5cacd2b3f02c31e7c517a8a078c90e9e6d9e9e0a5d78db2a316b99c60e0a5ddf4968c6cce881e98fce84b26,2019,10,1,2,0,0,35.766266,139.679228,Android,Japan,44010,Japan,,ja,,,,15.623,,,,,13,13119,5339551493,13,13119,13,13108,
771ecc93f6b8d97851b0a8d682e0f30509fd4b9365ee5ed79a0798e14bd77628628e0a67970281f99804bf5a1ee7fcdf,2019,10,1,2,0,0,35.696146,139.637916,Android,Japan,44020,Japan,,ja,,,,16.9,,,,,13,13115,5339453150,13,13115,14,14153,
c76cfa616be559dcc8aa38828b6e2604e5c099f6dccabb3c4ad06329b91f111ca367fd973826a015f9cefa1a735caaa1,2019,10,1,2,0,0,35.552095,139.662620,Android,Japan,44010,Japan,,ja,,,,14.335,,,243.434,2,14,14132,5339256320,14,14132,13,13108,
07484d95d6f227981279cf6e36f522eba583c2a90db3ff17c7862d1300978aa17b6afc3cdf435fda105f6fb64136db3c,2019,10,1,2,0,0,35.657089,139.815396,iOS,Japan,44010,Japan,,ja,,,,15,,,249.974,2,13,13108,5339368582,13,13108,13,13108,
07484d95d6f227981279cf6e36f522eba583c2a90db3ff17c7862d1300978aa17b6afc3cdf435fda105f6fb64136db3c,2019,10,1,2,0,0,35.656494,139.813483,iOS,Japan,44010,Japan,,ja,,,,165,,,,,13,13108,5339368570,13,13108,13,13108,
a778466e6f7da64cb6735ca3714b3c4839ffc4237c7f2319f90f043fa8e8db79df61bf93675c39744fcfc7395c429363,2019,10,1,2,0,0,35.729620,139.439741,Android,Japan,44051,Japan,,ja,,,,14.903,,,,,13,13211,5339437551,13,13211,13,13103,
f27e4a92b4d21b12dc89785d1f37c8135d483262f6a9d297a96844b9d19bf84008976ae1230426acd10fad32a91db370,2019,10,1,2,0,0,35.645111,139.787476,Android,Japan,44010,Japan,,ja,,,,14.084,,,,,13,13108,5339367249,13,13108,13,13108,
54a8ef1cd1ce36835bcf10c281a2c525eaf2151074024b0993c00b47d1d72b12b9d3138b7165e7bdfaf4213c4b6383ad,2019,10,1,2,0,0,35.731114,139.770084,Android,Japan,44051,Japan,,ja,,,,27.111,,,49.398,2,13,13118,5339467176,13,13118,13,13108,
49c6d7ce95a223c38c5beb501c3410f1716522225a6360cf15d71675f32741f100e869e12b9ec2898725268765aa3651,2019,10,1,2,0,0,35.649725,139.803741,Android,Japan,44010,Japan,,ja,,,,14.104,,,,,13,13108,5339367492,13,13108,13,13103,
7a515fe69a52535984c358577f1bd09f280dc03eccca933946746a8d29f9ce653d04eb3c77a468b5ca15188e9a3cdca7,2019,10,1,2,0,0,35.519409,139.681256,iOS,Japan,44050,Japan,,ja,,,,10,22.862,2,211.622,2,14,14101,5339252435,14,14301,13,13108,
25e9f8e253de998bb908a7c2fc308b3208fe86e7cdaca7771983992f4afa474ac83cac0f7b9469167a03ce1c400467b6,2019,10,1,2,0,0,35.394748,139.523470,Android,Japan,44051,Japan,,ja,,,,16,,,152.732,2,14,14110,5339047138,14,14110,13,13108,
af75322eb64fb0d73421d11412e4b9a521660811c435d4119952edfc7b9e928e82321b08ac37487f24d2be4b784be708,2019,10,1,2,0,0,35.761900,139.743627,Android,Japan,44010,Japan,,ja,,,,14.826,,,,,13,13117,5339551944,11,11214,13,13102,
7691bf0dff90770a6ddba00c75790e56b02803650757a267ca3ddf2a6a6162581fbeeac46df7183b7693dd61c09787c9,2019,10,1,2,0,0,35.657328,139.800446,Android,Japan,44020,Japan,,ja,,,,53.519,,,,,13,13108,5339368480,13,13108,13,13222,
48407a5d110cf4ad4a5e29680a6e3cf2b8ebb2fb5fb29b404cf589af96be86ee80b611314f56c2c2bd42d40aeb08ed42,2019,10,1,2,0,0,35.746516,139.803656,Android,Japan,44010,Japan,,ja,,,,116.1,,,35.802,2,13,13121,5339469452,13,13121,13,13108,
11388e7b12c20f223805d74dce92f515ae9170ec352d56e2bd7d3cea716d6eb1a0603b3e7eccfad00635c85ee609d077,2019,10,1,2,0,0,35.661024,139.810276,Android,Japan,44020,Japan,,ja,,,,56.1,,,,,13,13108,5339369438,13,13108,13,13117,
07484d95d6f227981279cf6e36f522eba583c2a90db3ff17c7862d1300978aa17b6afc3cdf435fda105f6fb64136db3c,2019,10,1,2,0,0,35.656371,139.813426,iOS,Japan,44010,Japan,,ja,,,,30,21.707,2,13.815,2,13,13108,5339368570,13,13108,13,13108,
92a4548dae7d529745bb14b4378f3b6b41c828708bd61b8e2e9748bb5f26b07c97b10f6bed87110e759cb60c551d0671,2019,10,1,2,0,0,35.765985,139.619969,Android,Japan,44010,Japan,,ja,,,,19.399,0.609,2,,,13,13120,5339541995,13,13120,13,13108,
80e502479b0782ea581f42665fe7415a525ffa89fabf334b1cb667ef96db8766ce5a32c18290e716175b4ab6d3e7b3df,2019,10,1,2,0,0,35.690642,139.902207,Android,Japan,44010,Japan,,ja,,,,29.54,,,,,13,13123,5339472281,13,13123,13,13108,
707487f6da067ff20d25b700938582989355176b0e1852dc0921e2a1d607e571dfbe28af06c880bbe7a98b77175e5a5d,2019,10,1,2,0,0,35.617906,139.731869,Android,Japan,44010,Japan,,ja,,,,15.048,,,,,13,13109,5339354815,13,13109,13,13103,
318c9e8935fcbb536723a96a5583102c33dce0570e4575a559d404ae8c38bfe4cb8841ffd1ca385affdde14fdef4b7c0,2019,10,1,2,0,0,35.669370,139.776548,Android,Japan,44051,Japan,,ja,,,,92.9,,,,,13,13102,5339460231,13,13111,13,13102,
5522b128c0f04bddd28e63f24fe2fce207840c040cfa48550a6de3bd10897640453b3195f07dfb0aadaaa71dd797ede5,2019,10,1,2,0,0,35.851088,139.684674,Android,Japan,44010,Japan,,ja,,,,7.504,,,,,11,11108,5339652417,11,11108,13,13108,
9128781ef63877c0bd4a53d8052abea25f4739e3e4cdd1523bcbdc9cd7c120f8a62abd172cdeb332b9891cbcddbed5d6,2019,10,1,2,0,0,35.667496,139.788761,Android,Japan,44010,Japan,,ja,,,,19,,,23.512,2,13,13108,5339460301,13,13108,13,13103,
0525e5b890d15c86b7b810ff261e1e2e49df0985c8b2c102fb891f03b253f89a14438645020e6703229212f42fd1637d,2019,10,1,2,0,0,35.647964,139.799415,Android,Japan,44050,Japan,,ja,,,,15.867,,,18.434,2,13,13108,5339367379,13,13108,13,13104,
7a515fe69a52535984c358577f1bd09f280dc03eccca933946746a8d29f9ce653d04eb3c77a468b5ca15188e9a3cdca7,2019,10,1,2,0,0,35.512665,139.677299,iOS,Japan,44050,Japan,,ja,,,,10,23.533,2,195.552,2,14,14101,5339251451,14,14301,13,13108,
76b439c294d6e1062235632cf2c6cae05963dc22323260b22036bd0eb64e178da9349c3897328fb509c468586d82613b,2019,10,1,2,0,0,35.430383,139.648317,Android,Japan,44010,Japan,,ja,,,,14.189,,,,,14,14104,5339151168,14,14104,14,14104,
1e1dd1f0fb05b193f6d3b63651bc02b1f8f5ae67145cabb7166bc9222c586494bf49bb167803753757f4ab15648f4047,2019,10,1,2,0,0,35.668511,139.755784,Android,Japan,44010,Japan,,ja,,,,1600,,,,,13,13103,5339460024,13,13119,13,13110,
e5a305c02c7388a0edacc45475032ad55fa52f53a180baf9d006217c0362c7474fe6117123a6f9ff5c427fc0c627ecc6,2019,10,1,2,0,0,35.669838,139.773948,Android,Japan,44010,Japan,,ja,,,,15.102,,,,,13,13102,5339460139,13,13102,13,13108,
73a27150234cbf9266fdbdb2264fc3bc82eade2c035e993fa75e33dfe05e099c7782523c3448ba8f077f6b86e359c7df,2019,10,1,2,0,0,35.645752,139.785629,iOS,Japan,44010,Japan,,ja,,,,65,,,,,13,13108,5339367248,30,30421,30,30421,
66120246a0ccb5b1d6d3b36f744115a6b603af93c8985ac918e274cbcbdb7e739513f9d2735427a4227bce2a0af2d50a,2019,10,1,2,0,0,35.627116,139.775252,Android,Japan,44010,Japan,,ja,,,,13.406,,,297.276,2,13,13103,5339365220,13,13104,13,13103,
c2a39f6014906deff62da93f5093bddaa84d46b7b531ca0a633ad7142e2738cf08d9ec745e2ccad17e3186e44824b4ab,2019,10,1,2,0,0,35.919445,139.487851,Android,Japan,44020,Japan,,ja,,,,16,,,,,11,11201,5339730930,11,11201,13,13303,
586e08454f18c83699942e5a1cbc79fb41e49a330e7adabc23b89d55ef09c945c68b657ec6811eb21ce38bc1b10bfacc,2019,10,1,2,0,0,35.723412,139.642088,Android,Japan,44010,Japan,,ja,,,,177.489,,,,,13,13114,5339456183,13,13114,13,13104,
4ee29d295c50c0ca448c4262561821014c1d27901a7b68492c60c6298655dedd2e23f1ff224cc957432ab595bc640d88,2019,10,1,2,0,0,35.597347,139.722333,Android,Japan,44010,Japan,,ja,,,,13.78,,,90,2,13,13109,5339351767,13,13109,13,13108,
c7972fd2e9858ea47e6787f9f8308dfdc23db155acf44a7430290bff1ea61354b720a840c1237b01a3177d7df26b7976,2019,10,1,2,0,0,35.654051,139.735673,Android,Japan,44051,Japan,,ja,,,,16,,,,,13,13103,5339358848,13,13103,13,13224,
4115a2bcf1893625f835685c698e6ccd19dfb3b5a662cf534063f4795349458183071bbd0b076440bb88c765af8b1a8a,2019,10,1,2,0,0,35.618357,139.743235,Android,Japan,44010,Japan,,ja,,,,15.382,,,126.869,2,13,13109,5339354924,13,13109,13,13108,
e1ee9a0aa512df8f63568140e5e5e2e6e0b274b9b37a1cbeeec8abb433a23094a586f730dfde73e1e2523f3b83d64163,2019,10,1,2,0,0,35.697528,139.677996,Android,Japan,44050,Japan,,ja,,,,6,,,271.274,2,13,13114,5339453472,13,13117,11,11108,
c650b13b39440c7be0470f3770fe23cfcb4e0db47ee526f3f3922a3082e8ab8d865ec17277c28575fd970395428d1439,2019,10,1,2,0,0,35.661955,139.801602,Android,Japan,44010,Japan,,ja,,,,15.036,,,152.904,2,13,13108,5339369441,13,13108,13,13113,
972d24025763ed0703b1807f5734a30b53afeaa0e359914306bdc665aeeb73d59e0fc8e6bd4b08643f7b489581bf9d82,2019,10,1,2,0,0,35.757620,139.631585,Android,Japan,44051,Japan,,ja,,,,13.847,,,,,13,13120,5339550095,13,13120,11,11212,
52aa8aa37d3e99bb1d0c7ad860d0c46d437571030c5b5f005a27d9fc5efef80ffc2b32eac1733d4c8f7c63dfa1a6feac,2019,10,1,2,0,0,35.684077,139.754738,Android,Japan,44020,Japan,,ja,,,,92.9,,,,,13,13101,5339462003,13,13108,13,13101,
d9af56fcd75bf79fc92c2fc4a1a1200d8d2590ef08c3e9e5312436593e3a1fbbc3054e42c8de3972971dfd99b6c54b3c,2019,10,1,2,0,0,35.657380,139.800690,Android,Japan,44010,Japan,,ja,,,,16,,,,,13,13108,5339368480,13,13108,13,13103,
559ef0c9a3d440b16ce06a65537b623263563f892fda883389c62c65156b7a7230b1f4e085f01daee402c22b14c897a0,2019,10,1,2,0,0,35.734820,139.649987,Android,Japan,44051,Japan,,ja,,,,13.407,,,,,13,13120,5339458119,13,13120,13,13103,
5b83ee144a0eb5b733de4ae7588e900eb76434a677e91d58b5c9785f61fcf622f15eaea099fddefe7c8accaec7505f82,2019,10,1,2,0,0,35.482805,139.544495,Android,Japan,44051,Japan,,ja,,,,14.263,,,,,14,14112,5339147395,14,14112,14,14131,
7f036871beff1485a71cb7df4b36d135c73d3b246630350ee7f8384b52c3267686aa60b3269d6418c06aedea7ea9891a,2019,10,1,2,0,0,35.827975,139.937718,Android,Japan,44010,Japan,,ja,,,,17.35,,,98.426,2,12,12207,5339579530,12,12207,13,13103,
2067406434c956c86099e4f60a85d91b21da73167806b3b3aea1645c24fb3dfa7ce3042bfe0b0c976cc3e42aa3eb87ae,2019,10,1,2,0,0,35.651059,139.796978,Android,Japan,44010,Japan,,ja,,,,15.271,,,21.938,2,13,13108,5339368317,13,13104,13,13101,
9ffd8cb7bae8296295714b81ce0f2fc51f7403de08ef876127945a713c6220cfdaf5e2fc1a05a727e7bdef613af0e48a,2019,10,1,2,0,0,35.701526,139.435728,Android,Japan,44020,Japan,,ja,,,,14.588,,,,,13,13214,5339434418,13,13214,13,13108,
e769feaefe29caf7706456638d63f86909b82ff454802418fba40813ad967fc7603c1b6ec5dd52045f3f4c0d5e17cf6d,2019,10,1,2,0,0,35.662076,139.793441,Android,Japan,44010,Japan,,ja,,,,77.6,,,289.325,2,13,13108,5339369344,13,13108,13,13102,
10542614304435346a34cefa0b8e6974436f9f058241c654425dd1ac7af905f03075562fa0d8c6902f8d6a9db6d24c22,2019,10,1,2,0,0,35.705737,139.831534,Android,Japan,44010,Japan,,ja,,,,600,,,,,13,13107,5339464665,13,13107,13,13108,
11388e7b12c20f223805d74dce92f515ae9170ec352d56e2bd7d3cea716d6eb1a0603b3e7eccfad00635c85ee609d077,2019,10,1,2,0,0,35.661024,139.810276,Android,Japan,44020,Japan,,ja,,,,56.1,0,2,,,13,13108,5339369438,13,13108,13,13117,
2a9b87224c222b7eaa58642925f2aba57844522a221f6f3bdcf4db71c20de7c1310c45ca8be76ec93a177660141afb9f,2019,10,1,2,0,0,35.668774,139.778826,iOS,Japan,44020,Japan,JPY,ja,JP,background,move,2000,,,,,13,13102,5339460223,13,13116,13,13116,5
e12c0fdf74ea17b6fdc06cd51145c8b107c45c901984664426de7123f859cfeaf754279ea67e93761c019ebb88a141c0,2019,10,1,2,0,0,35.697619,139.640129,Android,Japan,44010,Japan,,ja,,,,9.648,,,,,13,13115,5339453172,13,13115,13,13102,
302a414d77800eb503a8ebbd8d1b115fda61f785e33b2951a8bc5d36c8085361c3b6d19ca24d81d700a6f0bdc1a88006,2019,10,1,2,0,0,35.659071,139.797090,Android,Japan,44010,Japan,,ja,,,,47.465,,,,,13,13108,5339369307,13,13108,11,11105,
586e08454f18c83699942e5a1cbc79fb41e49a330e7adabc23b89d55ef09c945c68b657ec6811eb21ce38bc1b10bfacc,2019,10,1,2,0,0,35.723394,139.642046,Android,Japan,44010,Japan,,ja,,,,20,,,,,13,13114,5339456183,13,13114,13,13104,
40b13470548aa2dc319c38ce875dd60c3f4159d4ead6b5657dbd52ea22a1a960ea27ffd8badbad8c515c47d676152e75,2019,10,1,2,0,0,35.576610,139.660706,Android,Japan,44010,Japan,,ja,,,,14.359,,,62.447,2,14,14133,5339259218,14,14133,13,13113,
83826b447bb7fa0257092c084bc071ca861f0c464013465c2a9e8d32429da4e286db8a865c0911483ed88acd7b5bf87a,2019,10,1,2,0,0,35.340466,139.524291,iOS,Japan,44020,Japan,JPY,ja,JP,background,move,5,2.079,1,215.702,1,14,14204,5339040189,14,14204,13,13108,5
d3daf8883f4399ba1b55304be21445eea1509f7b7b6783e7fe953ff18624ceee23fc48b699141c77a02dc0c67c7030b3,2019,10,1,2,0,0,35.693451,140.297662,Android,Japan,44010,Japan,,ja,,,,13.606,,,,,12,12230,5340423328,12,12230,12,12230,
edeae9563a0ea11c73ca0b5acdd5f547c3e0110203db2351b3f8f56ad9e1904e5b97c7d21d75bd51e4c646a24b6d147e,2019,10,1,2,0,0,35.644553,139.908984,Android,Japan,44051,Japan,,ja,,,,36.9,,,63.434,2,12,12227,5339377237,12,12227,12,12203,
5c5c49d52d7254efa4e0d823f9153ab8b87a1f1eafe6d9471d14253af00e85085ff9bd3493797c44904519f49748abf2,2019,10,1,2,0,0,35.647345,139.792778,Android,Japan,44020,Japan,,ja,,,,82.5,,,69.537,2,13,13108,5339367364,13,13108,13,13108,
3384e1bed20c2dd5fb31c8eb6e08c3f3e353c2c01add40840df105357c2d5b03d24bc525e1d40c3d754defda682500f3,2019,10,1,2,0,0,35.644172,139.585022,Android,Japan,44010,Japan,,ja,,,,356067.156,,,,,13,13219,5339347638,13,13219,13,13108,
db181a575c44737ca818d751b993c3be4def85a04a7a627a1a3649098620070f88fb998dd4042974f4256e23fb7ab326,2019,10,1,2,0,0,35.653130,139.800024,Android,Japan,44051,Japan,,ja,,,,39.664,,,,,13,13108,5339368430,13,13108,12,12103,
a3ee97c45124ccd49b147e4a5debc8d61ebbd87997144f75d42d2366aa89cab05160914070b3a8604472f2ee248fdf4b,2019,10,1,2,0,0,35.561955,139.708564,Android,Japan,44010,Japan,,ja,,,,17.236,,,,,13,13111,5339257646,13,13111,13,13108,
abafd76ae066af065d91904c1342d15eb5559dda3ee53d2d6e2efb99870841651f2dd2ebbfa45f5499d8de78d1e679de,2019,10,1,2,0,0,35.672915,139.856752,Android,Japan,44051,Japan,,ja,,,,16,,,,,13,13123,5339460875,13,13123,13,13108,
251ba76954cdde19e83da535be0745cb09953b86375b59ef1280306355d26e5675f9914516fab8b4bb205bd4195cd92b,2019,10,1,2,0,0,35.656496,139.799622,Android,Japan,44010,Japan,,ja,,,,50.654,,,258.929,2,13,13108,5339368379,13,13121,13,13108,
d5190466ac4674c56cbbb7aa73c6e537f525ea3edd8c844b8610b1bade693d2bd117024b826a977b50bcda1a36f9f14d,2019,10,1,2,0,0,35.635668,140.045536,Android,Japan,44020,Japan,,ja,,,,15.152,,,,,12,12106,5340306326,12,12106,13,13101,
73a27150234cbf9266fdbdb2264fc3bc82eade2c035e993fa75e33dfe05e099c7782523c3448ba8f077f6b86e359c7df,2019,10,1,2,0,0,35.645752,139.785639,iOS,Japan,44010,Japan,,ja,,,,165,,,,,13,13108,5339367248,30,30421,30,30421,
68a96ab97bf97d5b0b9b61ed40f478be7b7f9ec116ca37fd327b0adce7089846fc78f2a93ce2f9dc8de0f7ad7b211da2,2019,10,1,2,0,0,35.652102,139.804467,Android,Japan,44051,Japan,,ja,,,,292.781,,,,,13,13108,5339368423,13,13108,13,13108,
b28a7265c711c486a9db5242062803042a00d644ba83099f66af4f44129602dee6d6fcae473c752116a371492c19f4f6,2019,10,1,2,0,0,35.562662,139.715950,Android,Japan,44010,Japan,,ja,,,,27.868,,,122.017,2,13,13111,5339257752,13,13111,13,13108,
5e809ca0cfb946bec8669e89c5c7175a72c722dc3521c199e7726f23afda7bc2c64ab743a6ff5f141ec5e3928c150a20,2019,10,1,2,0,0,35.709751,139.625150,Android,Japan,44010,Japan,,ja,,,,39.56,,,,,13,13115,5339455010,13,13115,13,13108,
997a359cfb8ec23a9f7078764f4d5535973e199b2c4164b0306fdea0c9704a352d6bbb862f2bf0b9762dbfd4bd3d8c98,2019,10,1,2,0,0,35.647290,139.793019,Android,Japan,44010,Japan,,ja,,,,16,,,,,13,13108,5339367364,13,13108,13,13101,
cd0c69caeb37f3405c74830a509f2900ec7fe7556b31d23b00c6a45544cab93f13193dba7c9849ad58eff5b69928aecd,2019,10,1,2,0,0,35.575003,139.736688,Android,Japan,44010,Japan,,ja,,,,14.351,,,,,13,13111,5339259809,13,13111,13,13103,
59239fd4e48754301fe3edec0f60c89ff31ef89faf87ec439766e7c8d342b3d8c495694f9c36c3c2d29d4e40559a1c17,2019,10,1,2,0,0,35.614995,139.708625,Android,Japan,44010,Japan,,ja,,,,17.6,,,,,13,13109,5339353676,13,13109,13,13102,
ab2b90ffce24825da88b00f614194395519bf8ad12a37eb55339d51610d22275859fccba88576da8f19227bcbbe68469,2019,10,1,2,0,0,35.642597,139.917730,Android,Japan,44010,Japan,,ja,,,,15.906,,,37.585,2,12,12227,5339377314,12,12227,13,13101,
1784ea6f82388abbb45b98284ee7e8b720722c7a21990e3cda9c1ceeb460027ff01a677abfff96b0171cec93dea26828,2019,10,1,2,0,0,35.670367,139.455947,Android,Japan,44051,Japan,,ja,,,,17.582,,,250.115,2,13,13206,5339430644,13,13206,13,13108,
9ecace712d38a931d497e949a535c91fffa00647756390aaab87a5a1ad16f961cae645b213e5d2b3b2fc77748dd920b2,2019,10,1,2,0,0,35.656398,139.808468,Android,Japan,44010,Japan,,ja,,,,13.866,,,343.61,2,13,13108,5339368476,13,13108,13,13109,
ae4fd975ab5bd5fbc2a1d5ff2384c2ec0cea3eddd65c8830b3eede6f6c144ccda148be032807507dd02859cc80e680eb,2019,10,1,2,0,0,26.257273,127.713463,Android,Japan,44010,Japan,,ja,,,,17.221,,,,,47,47208,3927350780,47,47208,47,47201,
68a96ab97bf97d5b0b9b61ed40f478be7b7f9ec116ca37fd327b0adce7089846fc78f2a93ce2f9dc8de0f7ad7b211da2,2019,10,1,2,0,0,35.648574,139.805634,Android,Japan,44051,Japan,,ja,,,,200,,,,,13,13108,5339367484,13,13108,13,13108,
7a1fbeccfe017ca4908e37ffac1fca53843c925f6bb12c6597146ba293af047c5da83982c2d186d98cb1371969d126c0,2019,10,1,2,0,0,35.336025,139.434700,Android,Japan,44010,Japan,,ja,,,,13.617,,,243.434,2,14,14207,5339030437,14,14207,13,13108,
dd4d5501824c569ddf3567e0e2b38c64df0cc409416c3e54adadc6a80a211d5c398e4a069f66424686991ff53ddca962,2019,10,1,2,0,0,35.648359,139.876526,Android,Japan,44051,Japan,,ja,,,,14,,,,,13,13123,5339377081,13,13123,13,13103,
3806281876fe1f6823ec40c1660e9577acfd0bc19fe176752b805e1bb02776c3373fa597214a3aa9942e82e198b7a875,2019,10,1,2,0,0,35.909188,139.709386,Android,Japan,44010,Japan,,ja,,,,3.216,,,,,11,11109,5339659617,10,10202,10,10201,
a0cce3267aceacc4251dee9d56ed9f126a4cbf33d43d08d2d5f0382992f462ab4b710e46ba04c0838df39ff331d7260a,2019,10,1,2,0,0,35.720605,139.784628,Android,Japan,44010,Japan,,ja,,,,14.679,,,190.885,2,13,13106,5339466247,13,13106,13,13108,
ff36ce0b03818dc291e0bb70a0a46913a29c05f7adec7cea7db827bb830bacd88fe2237f516c905ad0a507c3f4c8b6c9,2019,10,1,2,0,0,35.638251,139.921225,iOS,Japan,44020,Japan,JPY,ja,JP,background,arrival,151.95,0,1,0,1,12,12227,5339376356,12,12227,13,13105,1
1954e4cfce3db2fb35cf7a1259ea6998f66dce741135567bce9270285c4acf2851ca2e634eeee00eca62c6db7b908e78,2019,10,1,2,0,0,35.646900,139.803002,Android,Japan,44051,Japan,,ja,,,,10353.833,,,,,13,13108,5339367462,13,13108,13,13104,
033204144e8182ade3f57c68713d895095f5b8e87a6d300b8e44787cf0bdbb76cf2c9f6ccdabab96d1c6e1611ba7cde5,2019,10,1,2,0,0,35.654210,139.804734,Android,Japan,44010,Japan,,ja,,,,14.165,,,,,13,13108,5339368453,13,13108,13,13108,
5ffa4e020d4d1da67ae3a5951ae2273135d1c115732c15855f227c47b2e74868eba857fdd906c94031e5158fd2ab4271,2019,10,1,2,0,0,35.665043,139.785468,Android,Japan,44051,Japan,,ja,,,,117.92,,,,,13,13102,5339369288,13,13102,13,13116,
a9d0ab6a0a2b62727ec365bf20f0c6a79717a093e1b97316785270eac2fb1986c1832fd6598e27cfdb0d73e08f28d92f,2019,10,1,2,0,0,35.403311,139.512058,Android,Japan,44010,Japan,,ja,,,,21.402,,,,,14,14110,5339048039,14,14110,13,13109,
def0558288b9ef22c5ffa3fa1dfecec3d06eeaff681c65b57c57c77cde2801dbb78825920188bde7173d15aea2a40ecb,2019,10,1,2,0,0,35.692856,139.837457,Android,Japan,44051,Japan,,ja,,,,15.049,,,180,2,13,13108,5339463619,13,13108,13,13108,
ad249970b201ed049e5a2791563c5be9786e9fc86b37db7d363e00dd4b7be632184d07bc80e52fdc84af90e000b19224,2019,10,1,2,0,0,35.829703,139.630727,Android,Japan,44020,Japan,,ja,,,,16,,,,,11,11108,5339559054,11,11108,13,13108,
276fd5140cd3fc7fde72e27f173d2cf56f8961094cd397846ca2bfa3f1e945caa1dd94735fcc41358d9dd3257f71fc61,2019,10,1,2,0,0,35.391220,139.611166,Android,Japan,44010,Japan,,ja,,,,16,,,,,14,14107,5339046898,14,14107,13,13108,
ac160f7f0728f341ca628f7ae0e2b9d2d21ff03da0cee71e097cebff171ffc1fdeec367ec51bf43f76278f5f7f2e17df,2019,10,1,2,0,0,35.653486,139.797732,Android,Japan,44010,Japan,,ja,,,,17.393,,,138.615,2,13,13108,5339368348,13,13108,13,13101,
58be5fd547b678e8abdb4a4bdc064f4784ba6e357023bd7952b76e668cccb5e28678f4eb090b0317f97945c3a06896a2,2019,10,1,2,0,0,35.771739,139.621824,Android,Japan,44051,Japan,,ja,,,,13.899,,,,,11,11229,5339542967,11,11229,13,13101,
ac0b6088019f77dba6874970db2811cc80e5d157b380296646bad5022ac3a2cbf3ff88c2ff64fed1f5ffa913fdb17159,2019,10,1,2,0,0,35.711337,139.664335,Android,Japan,44010,Japan,,ja,,,,14.992,,,76.293,2,13,13114,5339455331,13,13114,13,13102,
1140d61f917d2c1579c567e337d9319628fb0b72bda4075867a2079dd84c1061a90ffa23e4780855f0547002317e27a2,2019,10,1,2,0,0,35.841037,139.539249,Android,Japan,44010,Japan,,ja,,,,16,,,,,11,11235,5339640391,11,11235,13,13108,
7bfa3fe1bc8618932ca29cf3a837c72bc9e735738c24c69d5e4c90927a0adbb0956b2f68bf5af5b49c6ff97202b2f016,2019,10,1,2,0,0,35.685721,139.791570,Android,Japan,44051,Japan,,ja,,,,800,,,,,13,13102,5339462323,13,13102,13,13108,
f62a7d536d6de5ac93214d6172450cbdba87d1c934e5f01639c4a2e2c865997eff014e1e58d64b5ae93d4918dc33fa98,2019,10,1,2,0,0,35.654443,139.802175,Android,Japan,44010,Japan,,ja,,,,17.454,,,,,13,13108,5339368451,13,13108,13,13104,
cb723a7c15561eaba3e9ea075361440113d60780a93eebca49395c6b5731fa188574ff3c57217597300b4aa17ab1529e,2019,10,1,2,0,0,35.888037,139.496152,Android,Japan,44010,Japan,,ja,,,,13.973,,,,,11,11201,5339636956,11,11201,13,13108,
2168e3b648f88e97c4bcccee4cbe45725af03924eb4ad5389f0bed12d2aebe34dfb6c5ed07768dabe951f64db6347d5b,2019,10,1,2,0,0,35.715585,139.925072,Android,Japan,44010,Japan,,ja,,,,14.557,,,168.69,2,12,12203,5339475480,12,12203,13,13108,
221ca5bc2d87c9299b54ee7baf985a89cbe84566f2886d75dd794c86f8b6a812b662f5a97d6674a71be3977cdf9ea717,2019,10,1,2,0,0,35.739514,139.810320,Android,Japan,44010,Japan,,ja,,,,17.397,,,,,13,13118,5339468478,13,13118,13,13108,
6e963074de72da8ad8bd35e68d608ecf83ca087cb1cb1e6861664f3de8a46297ee11b821df12e861a429fa097012f1ab,2019,10,1,2,0,0,35.779857,139.493289,Android,Japan,44010,Japan,,ja,,,,17.6,,,,,11,11208,5339533954,13,13213,13,13102,
eef43a9fc84a78160e727464c5483c33578de76df1ae6aa92beedd6caa23fee079382c8fa6d6f21f4da54d9e7b19a53a,2019,10,1,2,0,0,35.652281,139.798567,Android,Japan,44010,Japan,,ja,,,,19.296,,,,,13,13108,5339368328,13,13108,12,12212,
b333ae29001f25d42051075d2ace968fa8f483311b25aca3cc2b4df58636576e3d1af8c7f67aca9861a6bc88ef47d8b4,2019,10,1,2,0,0,34.929454,138.273418,Android,Japan,44010,Japan,,ja,,,,2000,,,,,22,22214,5238321158,23,23445,23,23445,
c849559845bffc3fd72d84d1ba4e3befcde5fe29e5e51682881757dad534f542cbdb94e46872f5476cda3ae9cfb07532,2019,10,1,2,0,0,35.707477,139.846363,Android,Japan,44020,Japan,,ja,,,,16.1,,,,,13,13123,5339464787,13,13123,13,13108,
92a4548dae7d529745bb14b4378f3b6b41c828708bd61b8e2e9748bb5f26b07c97b10f6bed87110e759cb60c551d0671,2019,10,1,2,0,0,35.765980,139.619957,Android,Japan,44010,Japan,,ja,,,,15.466,,,67.38,2,13,13120,5339541995,13,13120,13,13108,
06e1128c96335ba0611282d5f63cd0f51df3539118a180bdfa738ec1cd77e3a9eb76d885fc239326cd539a3a019d8729,2019,10,1,2,0,0,35.657951,139.800214,Android,Japan,44010,Japan,,ja,,,,92.594,,,,,13,13108,5339368490,13,13108,13,13108,
e4a8865274fd2875ddc3e163b4cd875ded5f9f2a6a508cc170832252e796834e5796327b1cac340853bcf9b62e880639,2019,10,1,2,0,0,35.741018,139.840810,Android,Japan,44010,Japan,,ja,,,,800,,,,,13,13122,5339468792,13,13122,13,13108,
0d322a730be199f84a4b77a66692b56bce5a19e00deef2447f9c7adf2d2d220fbc1750bd3d4d91f516a6f6322208c2e0,2019,10,1,2,0,0,35.735095,139.643654,Android,Japan,44010,Japan,,ja,,,,10158.327,,,,,13,13120,5339458124,13,13120,13,13108,
77c24f959256015a7f739f449e9a9914551ba4839dfab0899983e053f0d6d9fa8b07b8fabf35e22883b6838906a798f3,2019,10,1,2,0,0,35.679327,140.020830,Android,Japan,44020,Japan,,ja,,,,35.376,,,295.355,2,12,12216,5340401156,12,12216,13,13101,
f5b9a5831ee11c168ea3f40d922fc3992e14c6d96b45da479a2b534c2c23b60199ccc4ad9eaa3f5ed24ab2825cb8fcdb,2019,10,1,2,0,0,35.690662,140.072206,Android,Japan,44051,Japan,,ja,,,,600,,,,,12,12216,5340402587,12,12216,13,13108,
9495ef1306f15381ff956875459e9dbda42af07804ef4a84c320e856a6f03399fdb8f3ef6274c1390fcf292ade904b45,2019,10,1,2,0,0,35.656621,139.589282,Android,Japan,44010,Japan,,ja,,,,699.999,,,,,13,13208,5339348771,13,13208,12,12106,
ed8622aa7d4dd8b3fddc0bd52f32d9e94b9e1ed0b65db6327ea7a9b85f35d0d258ad72075ed328cafca0647bb640a508,2019,10,1,2,0,0,35.656856,139.812076,Android,Japan,44051,Japan,,ja,,,,14.331,,,201.25,2,13,13108,5339368489,13,13108,13,13108,
acc0f2f9f97f5a54873bc445052fd4a18e5c5a1d05188b71b337ed351c446e1d3598766bba87fda25b6fb0e0e0446d1c,2019,10,1,2,0,0,35.496380,139.557180,Android,Japan,44010,Japan,,ja,,,,14.076,,,328.671,2,14,14106,5339149455,14,14113,13,13108,
